symbol,yf_ticker,name,exchange
3MINDIA,3MINDIA.NS,3M India Ltd.,NSE
ABB,ABB.NS,ABB India Ltd.,NSE
ACC,ACC.NS,ACC Ltd.,NSE
AIAENG,AIAENG.NS,AIA Engineering Ltd.,NSE
APLAPOLLO,APLAPOLLO.NS,APL Apollo Tubes Ltd.,NSE
AUBANK,AUBANK.NS,AU Small Finance Bank Ltd.,NSE
AAVAS,AAVAS.NS,Aavas Financiers Ltd.,NSE
ADANIGREEN,ADANIGREEN.NS,Adani Green Energy Ltd.,NSE
ADANIPORTS,ADANIPORTS.NS,Adani Ports and Special Economic Zone Ltd.,NSE
ADANIPOWER,ADANIPOWER.NS,Adani Power Ltd.,NSE
ADANITRANS,ADANITRANS.NS,Adani Transmission Ltd.,NSE
ABCAPITAL,ABCAPITAL.NS,Aditya Birla Capital Ltd.,NSE
ABFRL,ABFRL.NS,Aditya Birla Fashion and Retail Ltd.,NSE
ADVENZYMES,ADVENZYMES.NS,Advanced Enzyme Tech Ltd.,NSE
AEGISCHEM,AEGISCHEM.NS,Aegis Logistics Ltd.,NSE
AJANTPHARM,AJANTPHARM.NS,Ajanta Pharmaceuticals Ltd.,NSE
AKZOINDIA,AKZOINDIA.NS,Akzo Nobel India Ltd.,NSE
APLLTD,APLLTD.NS,Alembic Pharmaceuticals Ltd.,NSE
ALKEM,ALKEM.NS,Alkem Laboratories Ltd.,NSE
ALBK,ALBK.NS,Allahabad Bank,NSE
ALLCARGO,ALLCARGO.NS,Allcargo Logistics Ltd.,NSE
AMARAJABAT,AMARAJABAT.NS,Amara Raja Batteries Ltd.,NSE
AMBUJACEM,AMBUJACEM.NS,Ambuja Cements Ltd.,NSE
ANDHRABANK,ANDHRABANK.NS,Andhra Bank,NSE
APOLLOHOSP,APOLLOHOSP.NS,Apollo Hospitals Enterprise Ltd.,NSE
APOLLOTYRE,APOLLOTYRE.NS,Apollo Tyres Ltd.,NSE
ASHOKLEY,ASHOKLEY.NS,Ashok Leyland Ltd.,NSE
ASHOKA,ASHOKA.NS,Ashoka Buildcon Ltd.,NSE
ASIANPAINT,ASIANPAINT.NS,Asian Paints Ltd.,NSE
ASTERDM,ASTERDM.NS,Aster DM Healthcare Ltd.,NSE
ASTRAZEN,ASTRAZEN.NS,AstraZenca Pharma India Ltd.,NSE
ASTRAL,ASTRAL.NS,Astral Poly Technik Ltd.,NSE
ATUL,ATUL.NS,Atul Ltd.,NSE
AUROPHARMA,AUROPHARMA.NS,Aurobindo Pharma Ltd.,NSE
AVANTIFEED,AVANTIFEED.NS,Avanti Feeds Ltd.,NSE
DMART,DMART.NS,Avenue Supermarts Ltd.,NSE
AXISBANK,AXISBANK.NS,Axis Bank Ltd.,NSE
BASF,BASF.NS,BASF India Ltd.,NSE
BEML,BEML.NS,BEML Ltd.,NSE
BSE,BSE.NS,BSE Ltd.,NSE
BAJAJ-AUTO,BAJAJ-AUTO.NS,Bajaj Auto Ltd.,NSE
BAJAJCON,BAJAJCON.NS,Bajaj Consumer Care Ltd.,NSE
BAJAJELEC,BAJAJELEC.NS,Bajaj Electricals Ltd,NSE
BAJFINANCE,BAJFINANCE.NS,Bajaj Finance Ltd.,NSE
BAJAJFINSV,BAJAJFINSV.NS,Bajaj Finserv Ltd.,NSE
BAJAJHLDNG,BAJAJHLDNG.NS,Bajaj Holdings & Investment Ltd.,NSE
BALKRISIND,BALKRISIND.NS,Balkrishna Industries Ltd.,NSE
BALMLAWRIE,BALMLAWRIE.NS,Balmer Lawrie & Co. Ltd.,NSE
BALRAMCHIN,BALRAMCHIN.NS,Balrampur Chini Mills Ltd.,NSE
BANDHANBNK,BANDHANBNK.NS,Bandhan Bank Ltd.,NSE
BANKBARODA,BANKBARODA.NS,Bank of Baroda,NSE
BANKINDIA,BANKINDIA.NS,Bank of India,NSE
MAHABANK,MAHABANK.NS,Bank of Maharashtra.,NSE
BATAINDIA,BATAINDIA.NS,Bata India Ltd.,NSE
BERGEPAINT,BERGEPAINT.NS,Berger Paints India Ltd.,NSE
BDL,BDL.NS,Bharat Dynamics Ltd.,NSE
BEL,BEL.NS,Bharat Electronics Ltd.,NSE
BHARATFORG,BHARATFORG.NS,Bharat Forge Ltd.,NSE
BHEL,BHEL.NS,Bharat Heavy Electricals Ltd.,NSE
BPCL,BPCL.NS,Bharat Petroleum Corporation Ltd.,NSE
BHARTIARTL,BHARTIARTL.NS,Bharti Airtel Ltd.,NSE
INFRATEL,INFRATEL.NS,Bharti Infratel Ltd.,NSE
BIOCON,BIOCON.NS,Biocon Ltd.,NSE
BIRLACORPN,BIRLACORPN.NS,Birla Corporation Ltd.,NSE
BLISSGVS,BLISSGVS.NS,Bliss GVS Pharma Ltd.,NSE
BLUEDART,BLUEDART.NS,Blue Dart Express Ltd.,NSE
BLUESTARCO,BLUESTARCO.NS,Blue Star Ltd.,NSE
BBTC,BBTC.NS,Bombay Burmah Trading Corporation Ltd.,NSE
BOMDYEING,BOMDYEING.NS,Bombay Dyeing & Manufacturing Co. Ltd.,NSE
BOSCHLTD,BOSCHLTD.NS,Bosch Ltd.,NSE
BRIGADE,BRIGADE.NS,Brigade Enterprises Ltd.,NSE
BRITANNIA,BRITANNIA.NS,Britannia Industries Ltd.,NSE
CARERATING,CARERATING.NS,CARE Ratings Ltd.,NSE
CCL,CCL.NS,CCL Products (I) Ltd.,NSE
CESC,CESC.NS,CESC Ltd.,NSE
CGPOWER,CGPOWER.NS,CG Power and Industrial Solutions Ltd.,NSE
CRISIL,CRISIL.NS,CRISIL Ltd.,NSE
CADILAHC,CADILAHC.NS,Cadila Healthcare Ltd.,NSE
CANFINHOME,CANFINHOME.NS,Can Fin Homes Ltd.,NSE
CANBK,CANBK.NS,Canara Bank,NSE
CAPLIPOINT,CAPLIPOINT.NS,Caplin Point Laboratories Ltd.,NSE
CARBORUNIV,CARBORUNIV.NS,Carborundum Universal Ltd.,NSE
CASTROLIND,CASTROLIND.NS,Castrol India Ltd.,NSE
CEATLTD,CEATLTD.NS,Ceat Ltd.,NSE
CENTRALBK,CENTRALBK.NS,Central Bank of India,NSE
CDSL,CDSL.NS,Central Depository Services (India) Ltd.,NSE
CENTURYPLY,CENTURYPLY.NS,Century Plyboards (India) Ltd.,NSE
CERA,CERA.NS,Cera Sanitaryware Ltd,NSE
CHAMBLFERT,CHAMBLFERT.NS,Chambal Fertilizers & Chemicals Ltd.,NSE
CHENNPETRO,CHENNPETRO.NS,Chennai Petroleum Corporation Ltd.,NSE
CHOLAHLDNG,CHOLAHLDNG.NS,Cholamandalam Financial Holdings Ltd.,NSE
CHOLAFIN,CHOLAFIN.NS,Cholamandalam Investment and Finance Company Ltd.,NSE
CIPLA,CIPLA.NS,Cipla Ltd.,NSE
CUB,CUB.NS,City Union Bank Ltd.,NSE
COALINDIA,COALINDIA.NS,Coal India Ltd.,NSE
COCHINSHIP,COCHINSHIP.NS,Cochin Shipyard Ltd.,NSE
COFFEEDAY,COFFEEDAY.NS,Coffee Day Enterprises Ltd.,NSE
COLPAL,COLPAL.NS,Colgate Palmolive (India) Ltd.,NSE
CONCOR,CONCOR.NS,Container Corporation of India Ltd.,NSE
COROMANDEL,COROMANDEL.NS,Coromandel International Ltd.,NSE
CORPBANK,CORPBANK.NS,Corporation Bank,NSE
COX&KINGS,COX&KINGS.NS,Cox & Kings Ltd.,NSE
CREDITACC,CREDITACC.NS,CreditAccess Grameen Ltd.,NSE
CROMPTON,CROMPTON.NS,Crompton Greaves Consumer Electricals Ltd.,NSE
CUMMINSIND,CUMMINSIND.NS,Cummins India Ltd.,NSE
CYIENT,CYIENT.NS,Cyient Ltd.,NSE
DBCORP,DBCORP.NS,D.B.Corp Ltd.,NSE
DCBBANK,DCBBANK.NS,DCB Bank Ltd.,NSE
DCMSHRIRAM,DCMSHRIRAM.NS,DCM Shriram Ltd.,NSE
DLF,DLF.NS,DLF Ltd.,NSE
DABUR,DABUR.NS,Dabur India Ltd.,NSE
DEEPAKFERT,DEEPAKFERT.NS,Deepak Fertilisers & Petrochemicals Corp. Ltd.,NSE
DEEPAKNTR,DEEPAKNTR.NS,Deepak Nitrite Ltd.,NSE
DELTACORP,DELTACORP.NS,Delta Corp Ltd.,NSE
DHFL,DHFL.NS,Dewan Housing Finance Corporation Ltd.,NSE
DBL,DBL.NS,Dilip Buildcon Ltd.,NSE
DISHTV,DISHTV.NS,Dish TV India Ltd.,NSE
DCAL,DCAL.NS,Dishman Carbogen Amcis Ltd.,NSE
DIVISLAB,DIVISLAB.NS,Divi's Laboratories Ltd.,NSE
DIXON,DIXON.NS,Dixon Technologies (India) Ltd.,NSE
LALPATHLAB,LALPATHLAB.NS,Dr. Lal Path Labs Ltd.,NSE
DRREDDY,DRREDDY.NS,Dr. Reddy's Laboratories Ltd.,NSE
EIDPARRY,EIDPARRY.NS,E.I.D. Parry (India) Ltd.,NSE
EIHOTEL,EIHOTEL.NS,EIH Ltd.,NSE
EDELWEISS,EDELWEISS.NS,Edelweiss Financial Services Ltd.,NSE
EICHERMOT,EICHERMOT.NS,Eicher Motors Ltd.,NSE
ELGIEQUIP,ELGIEQUIP.NS,Elgi Equipments Ltd.,NSE
EMAMILTD,EMAMILTD.NS,Emami Ltd.,NSE
ENDURANCE,ENDURANCE.NS,Endurance Technologies Ltd.,NSE
ENGINERSIN,ENGINERSIN.NS,Engineers India Ltd.,NSE
EQUITAS,EQUITAS.NS,Equitas Holdings Ltd.,NSE
ERIS,ERIS.NS,Eris Lifesciences Ltd.,NSE
ESCORTS,ESCORTS.NS,Escorts Ltd.,NSE
ESSELPACK,ESSELPACK.NS,Essel Propack Ltd.,NSE
EXIDEIND,EXIDEIND.NS,Exide Industries Ltd.,NSE
FDC,FDC.NS,FDC Ltd.,NSE
FEDERALBNK,FEDERALBNK.NS,Federal Bank Ltd.,NSE
FINEORG,FINEORG.NS,Fine Organic Industries Ltd.,NSE
FINCABLES,FINCABLES.NS,Finolex Cables Ltd.,NSE
FINPIPE,FINPIPE.NS,Finolex Industries Ltd.,NSE
FSL,FSL.NS,Firstsource Solutions Ltd.,NSE
FORTIS,FORTIS.NS,Fortis Healthcare Ltd.,NSE
FCONSUMER,FCONSUMER.NS,Future Consumer Ltd.,NSE
FLFL,FLFL.NS,Future Lifestyle Fashions Ltd.,NSE
FRETAIL,FRETAIL.NS,Future Retail Ltd.,NSE
GAIL,GAIL.NS,GAIL (India) Ltd.,NSE
GEPIL,GEPIL.NS,GE Power India Ltd.,NSE
GET&D,GET&D.NS,GE T&D India Ltd.,NSE
GHCL,GHCL.NS,GHCL Ltd.,NSE
GMRINFRA,GMRINFRA.NS,GMR Infrastructure Ltd.,NSE
GALAXYSURF,GALAXYSURF.NS,Galaxy Surfactants Ltd.,NSE
GDL,GDL.NS,Gateway Distriparks Ltd.,NSE
GAYAPROJ,GAYAPROJ.NS,Gayatri Projects Ltd.,NSE
GICRE,GICRE.NS,General Insurance Corporation of India,NSE
GILLETTE,GILLETTE.NS,Gillette India Ltd.,NSE
GSKCONS,GSKCONS.NS,GlaxoSmithkline Consumer Healthcare Ltd.,NSE
GLAXO,GLAXO.NS,Glaxosmithkline Pharmaceuticals Ltd.,NSE
GLENMARK,GLENMARK.NS,Glenmark Pharmaceuticals Ltd.,NSE
GODFRYPHLP,GODFRYPHLP.NS,Godfrey Phillips India Ltd.,NSE
GODREJAGRO,GODREJAGRO.NS,Godrej Agrovet Ltd.,NSE
GODREJCP,GODREJCP.NS,Godrej Consumer Products Ltd.,NSE
GODREJIND,GODREJIND.NS,Godrej Industries Ltd.,NSE
GODREJPROP,GODREJPROP.NS,Godrej Properties Ltd.,NSE
GRANULES,GRANULES.NS,Granules India Ltd.,NSE
GRAPHITE,GRAPHITE.NS,Graphite India Ltd.,NSE
GRASIM,GRASIM.NS,Grasim Industries Ltd.,NSE
GESHIP,GESHIP.NS,Great Eastern Shipping Co. Ltd.,NSE
GREAVESCOT,GREAVESCOT.NS,Greaves Cotton Ltd.,NSE
GRINDWELL,GRINDWELL.NS,Grindwell Norton Ltd.,NSE
GRUH,GRUH.NS,Gruh Finance Ltd.,NSE
GUJALKALI,GUJALKALI.NS,Gujarat Alkalies & Chemicals Ltd.,NSE
GUJFLUORO,GUJFLUORO.NS,Gujarat Fluorochemicals Ltd.,NSE
GUJGASLTD,GUJGASLTD.NS,Gujarat Gas Ltd.,NSE
GMDCLTD,GMDCLTD.NS,Gujarat Mineral Development Corporation Ltd.,NSE
GNFC,GNFC.NS,Gujarat Narmada Valley Fertilizers and Chemicals Ltd.,NSE
GPPL,GPPL.NS,Gujarat Pipavav Port Ltd.,NSE
GSFC,GSFC.NS,Gujarat State Fertilizers & Chemicals Ltd.,NSE
GSPL,GSPL.NS,Gujarat State Petronet Ltd.,NSE
GULFOILLUB,GULFOILLUB.NS,Gulf Oil Lubricants India Ltd.,NSE
HEG,HEG.NS,H.E.G. Ltd.,NSE
HCLTECH,HCLTECH.NS,HCL Technologies Ltd.,NSE
HDFCAMC,HDFCAMC.NS,HDFC Asset Management Company Ltd.,NSE
HDFCBANK,HDFCBANK.NS,HDFC Bank Ltd.,NSE
HDFCLIFE,HDFCLIFE.NS,HDFC Life Insurance Company Ltd.,NSE
HATHWAY,HATHWAY.NS,Hathway Cable & Datacom Ltd.,NSE
HATSUN,HATSUN.NS,Hatsun Agro Product Ltd.,NSE
HAVELLS,HAVELLS.NS,Havells India Ltd.,NSE
HEIDELBERG,HEIDELBERG.NS,HeidelbergCement India Ltd.,NSE
HERITGFOOD,HERITGFOOD.NS,Heritage Foods Ltd.,NSE
HEROMOTOCO,HEROMOTOCO.NS,Hero MotoCorp Ltd.,NSE
HEXAWARE,HEXAWARE.NS,Hexaware Technologies Ltd.,NSE
HFCL,HFCL.NS,Himachal Fut Com Ltd.,NSE
HSCL,HSCL.NS,Himadri Speciality Chemical Ltd.,NSE
HIMATSEIDE,HIMATSEIDE.NS,Himatsingka Seide Ltd.,NSE
HINDALCO,HINDALCO.NS,Hindalco Industries Ltd.,NSE
HAL,HAL.NS,Hindustan Aeronautics Ltd.,NSE
HINDCOPPER,HINDCOPPER.NS,Hindustan Copper Ltd.,NSE
HINDPETRO,HINDPETRO.NS,Hindustan Petroleum Corporation Ltd.,NSE
HINDUNILVR,HINDUNILVR.NS,Hindustan Unilever Ltd.,NSE
HINDZINC,HINDZINC.NS,Hindustan Zinc Ltd.,NSE
HONAUT,HONAUT.NS,Honeywell Automation India Ltd.,NSE
HUDCO,HUDCO.NS,Housing & Urban Development Corporation Ltd.,NSE
HDFC,HDFC.NS,Housing Development Finance Corporation Ltd.,NSE
ICICIBANK,ICICIBANK.NS,ICICI Bank Ltd.,NSE
ICICIGI,ICICIGI.NS,ICICI Lombard General Insurance Company Ltd.,NSE
ICICIPRULI,ICICIPRULI.NS,ICICI Prudential Life Insurance Company Ltd.,NSE
ISEC,ISEC.NS,ICICI Securities Ltd.,NSE
ICRA,ICRA.NS,ICRA Ltd.,NSE
IDBI,IDBI.NS,IDBI Bank Ltd.,NSE
IDFCFIRSTB,IDFCFIRSTB.NS,IDFC First Bank Ltd.,NSE
IDFC,IDFC.NS,IDFC Ltd.,NSE
IFBIND,IFBIND.NS,IFB Industries Ltd.,NSE
IFCI,IFCI.NS,IFCI Ltd.,NSE
IRB,IRB.NS,IRB Infrastructure Developers Ltd.,NSE
IRCON,IRCON.NS,IRCON International Ltd.,NSE
ITC,ITC.NS,ITC Ltd.,NSE
ITDCEM,ITDCEM.NS,ITD Cementation India Ltd.,NSE
ITI,ITI.NS,ITI Ltd.,NSE
INDIACEM,INDIACEM.NS,India Cements Ltd.,NSE
ITDC,ITDC.NS,India Tourism Development Corporation Ltd.,NSE
IBULHSGFIN,IBULHSGFIN.NS,Indiabulls Housing Finance Ltd.,NSE
IBULISL,IBULISL.NS,Indiabulls Integrated Services Ltd.,NSE
IBREALEST,IBREALEST.NS,Indiabulls Real Estate Ltd.,NSE
IBVENTURES,IBVENTURES.NS,Indiabulls Ventures Ltd.,NSE
INDIANB,INDIANB.NS,Indian Bank,NSE
IEX,IEX.NS,Indian Energy Exchange Ltd.,NSE
INDHOTEL,INDHOTEL.NS,Indian Hotels Co. Ltd.,NSE
IOC,IOC.NS,Indian Oil Corporation Ltd.,NSE
IOB,IOB.NS,Indian Overseas Bank,NSE
INDOSTAR,INDOSTAR.NS,IndoStar Capital Finance Ltd.,NSE
INDOCO,INDOCO.NS,Indoco Remedies Ltd.,NSE
IGL,IGL.NS,Indraprastha Gas Ltd.,NSE
INDUSINDBK,INDUSINDBK.NS,IndusInd Bank Ltd.,NSE
INFIBEAM,INFIBEAM.NS,Infibeam Avenues Ltd.,NSE
NAUKRI,NAUKRI.NS,Info Edge (India) Ltd.,NSE
INFY,INFY.NS,Infosys Ltd.,NSE
INOXLEISUR,INOXLEISUR.NS,Inox Leisure Ltd.,NSE
INOXWIND,INOXWIND.NS,Inox Wind Ltd.,NSE
INTELLECT,INTELLECT.NS,Intellect Design Arena Ltd.,NSE
INDIGO,INDIGO.NS,InterGlobe Aviation Ltd.,NSE
IPCALAB,IPCALAB.NS,Ipca Laboratories Ltd.,NSE
JBCHEPHARM,JBCHEPHARM.NS,J.B. Chemicals & Pharmaceuticals Ltd.,NSE
JKCEMENT,JKCEMENT.NS,J.K. Cement Ltd.,NSE
JKLAKSHMI,JKLAKSHMI.NS,JK Lakshmi Cement Ltd.,NSE
JKPAPER,JKPAPER.NS,JK Paper Ltd.,NSE
JKTYRE,JKTYRE.NS,JK Tyre & Industries Ltd.,NSE
JMFINANCIL,JMFINANCIL.NS,JM Financial Ltd.,NSE
JSWENERGY,JSWENERGY.NS,JSW Energy Ltd.,NSE
JSWSTEEL,JSWSTEEL.NS,JSW Steel Ltd.,NSE
JAGRAN,JAGRAN.NS,Jagran Prakashan Ltd.,NSE
JAICORPLTD,JAICORPLTD.NS,Jai Corp Ltd.,NSE
JISLJALEQS,JISLJALEQS.NS,Jain Irrigation Systems Ltd.,NSE
JPASSOCIAT,JPASSOCIAT.NS,Jaiprakash Associates Ltd.,NSE
J&KBANK,J&KBANK.NS,Jammu & Kashmir Bank Ltd.,NSE
JAMNAAUTO,JAMNAAUTO.NS,Jamna Auto Industries Ltd.,NSE
JETAIRWAYS,JETAIRWAYS.NS,Jet Airways (India) Ltd.,NSE
JINDALSAW,JINDALSAW.NS,Jindal Saw Ltd.,NSE
JSLHISAR,JSLHISAR.NS,Jindal Stainless (Hisar) Ltd.,NSE
JSL,JSL.NS,Jindal Stainless Ltd.,NSE
JINDALSTEL,JINDALSTEL.NS,Jindal Steel & Power Ltd.,NSE
JUBLFOOD,JUBLFOOD.NS,Jubilant Foodworks Ltd.,NSE
JUBILANT,JUBILANT.NS,Jubilant Life Sciences Ltd.,NSE
JUSTDIAL,JUSTDIAL.NS,Justdial Ltd.,NSE
JYOTHYLAB,JYOTHYLAB.NS,Jyothy Laboratories Ltd.,NSE
KPRMILL,KPRMILL.NS,K.P.R. Mill Ltd.,NSE
KEI,KEI.NS,KEI Industries Ltd.,NSE
KIOCL,KIOCL.NS,KIOCL Ltd.,NSE
KNRCON,KNRCON.NS,KNR Constructions Ltd.,NSE
KRBL,KRBL.NS,KRBL Ltd.,NSE
KAJARIACER,KAJARIACER.NS,Kajaria Ceramics Ltd.,NSE
KALPATPOWR,KALPATPOWR.NS,Kalpataru Power Transmission Ltd.,NSE
KANSAINER,KANSAINER.NS,Kansai Nerolac Paints Ltd.,NSE
KTKBANK,KTKBANK.NS,Karnataka Bank Ltd.,NSE
KARURVYSYA,KARURVYSYA.NS,Karur Vysya Bank Ltd.,NSE
KSCL,KSCL.NS,Kaveri Seed Company Ltd.,NSE
KEC,KEC.NS,Kec International Ltd.,NSE
KIRLOSENG,KIRLOSENG.NS,Kirloskar Oil Eng Ltd.,NSE
KOLTEPATIL,KOLTEPATIL.NS,Kolte-Patil Developers Ltd.,NSE
KOTAKBANK,KOTAKBANK.NS,Kotak Mahindra Bank Ltd.,NSE
L&TFH,L&TFH.NS,L&T Finance Holdings Ltd.,NSE
LTTS,LTTS.NS,L&T Technology Services Ltd.,NSE
LICHSGFIN,LICHSGFIN.NS,LIC Housing Finance Ltd.,NSE
LAXMIMACH,LAXMIMACH.NS,Lakshmi Machine Works Ltd.,NSE
LAKSHVILAS,LAKSHVILAS.NS,Lakshmi Vilas Bank Ltd.,NSE
LTI,LTI.NS,Larsen & Toubro Infotech Ltd.,NSE
LT,LT.NS,Larsen & Toubro Ltd.,NSE
LAURUSLABS,LAURUSLABS.NS,Laurus Labs Ltd.,NSE
LEMONTREE,LEMONTREE.NS,Lemon Tree Hotels Ltd.,NSE
LINDEINDIA,LINDEINDIA.NS,Linde India Ltd.,NSE
LUPIN,LUPIN.NS,Lupin Ltd.,NSE
LUXIND,LUXIND.NS,Lux Industries Ltd.,NSE
MASFIN,MASFIN.NS,MAS Financial Services Ltd.,NSE
MMTC,MMTC.NS,MMTC Ltd.,NSE
MOIL,MOIL.NS,MOIL Ltd.,NSE
MRF,MRF.NS,MRF Ltd.,NSE
MAGMA,MAGMA.NS,Magma Fincorp Ltd.,NSE
MGL,MGL.NS,Mahanagar Gas Ltd.,NSE
MAHSCOOTER,MAHSCOOTER.NS,Maharashtra Scooters Ltd.,NSE
MAHSEAMLES,MAHSEAMLES.NS,Maharashtra Seamless Ltd.,NSE
M&MFIN,M&MFIN.NS,Mahindra & Mahindra Financial Services Ltd.,NSE
M&M,M&M.NS,Mahindra & Mahindra Ltd.,NSE
MAHINDCIE,MAHINDCIE.NS,Mahindra CIE Automotive Ltd.,NSE
MHRIL,MHRIL.NS,Mahindra Holidays & Resorts India Ltd.,NSE
MAHLOG,MAHLOG.NS,Mahindra Logistics Ltd.,NSE
MANAPPURAM,MANAPPURAM.NS,Manappuram Finance Ltd.,NSE
MRPL,MRPL.NS,Mangalore Refinery & Petrochemicals Ltd.,NSE
MARICO,MARICO.NS,Marico Ltd.,NSE
MARUTI,MARUTI.NS,Maruti Suzuki India Ltd.,NSE
MFSL,MFSL.NS,Max Financial Services Ltd.,NSE
MAXINDIA,MAXINDIA.NS,Max India Ltd.,NSE
MINDTREE,MINDTREE.NS,MindTree Ltd.,NSE
MINDACORP,MINDACORP.NS,Minda Corporation Ltd.,NSE
MINDAIND,MINDAIND.NS,Minda Industries Ltd.,NSE
MONSANTO,MONSANTO.NS,Monsanto India Ltd.,NSE
MOTHERSUMI,MOTHERSUMI.NS,Motherson Sumi Systems Ltd.,NSE
MOTILALOFS,MOTILALOFS.NS,Motilal Oswal Financial Services Ltd.,NSE
MPHASIS,MPHASIS.NS,MphasiS Ltd.,NSE
MUTHOOTFIN,MUTHOOTFIN.NS,Muthoot Finance Ltd.,NSE
NATCOPHARM,NATCOPHARM.NS,NATCO Pharma Ltd.,NSE
NBCC,NBCC.NS,NBCC (India) Ltd.,NSE
NCC,NCC.NS,NCC Ltd.,NSE
NESCO,NESCO.NS,NESCO Ltd.,NSE
NHPC,NHPC.NS,NHPC Ltd.,NSE
NIITTECH,NIITTECH.NS,NIIT Technologies Ltd.,NSE
NLCINDIA,NLCINDIA.NS,NLC India Ltd.,NSE
NMDC,NMDC.NS,NMDC Ltd.,NSE
NTPC,NTPC.NS,NTPC Ltd.,NSE
NH,NH.NS,Narayana Hrudayalaya Ltd.,NSE
NATIONALUM,NATIONALUM.NS,National Aluminium Co. Ltd.,NSE
NFL,NFL.NS,National Fertilizers Ltd.,NSE
NBVENTURES,NBVENTURES.NS,Nava Bharat Ventures Ltd.,NSE
NAVINFLUOR,NAVINFLUOR.NS,Navin Fluorine International Ltd.,NSE
NETWORK18,NETWORK18.NS,Network18 Media & Investments Ltd.,NSE
NILKAMAL,NILKAMAL.NS,Nilkamal Ltd.,NSE
OBEROIRLTY,OBEROIRLTY.NS,Oberoi Realty Ltd.,NSE
ONGC,ONGC.NS,Oil & Natural Gas Corporation Ltd.,NSE
OIL,OIL.NS,Oil India Ltd.,NSE
OMAXE,OMAXE.NS,Omaxe Ltd.,NSE
OFSS,OFSS.NS,Oracle Financial Services Software Ltd.,NSE
ORIENTCEM,ORIENTCEM.NS,Orient Cement Ltd.,NSE
ORIENTELEC,ORIENTELEC.NS,Orient Electric Ltd.,NSE
ORIENTBANK,ORIENTBANK.NS,Oriental Bank of Commerce,NSE
PCJEWELLER,PCJEWELLER.NS,PC Jeweller Ltd.,NSE
PIIND,PIIND.NS,PI Industries Ltd.,NSE
PNBHOUSING,PNBHOUSING.NS,PNB Housing Finance Ltd.,NSE
PNCINFRA,PNCINFRA.NS,PNC Infratech Ltd.,NSE
PTC,PTC.NS,PTC India Ltd.,NSE
PVR,PVR.NS,PVR Ltd.,NSE
PAGEIND,PAGEIND.NS,Page Industries Ltd.,NSE
PARAGMILK,PARAGMILK.NS,Parag Milk Foods Ltd.,NSE
PERSISTENT,PERSISTENT.NS,Persistent Systems Ltd.,NSE
PETRONET,PETRONET.NS,Petronet LNG Ltd.,NSE
PFIZER,PFIZER.NS,Pfizer Ltd.,NSE
PHILIPCARB,PHILIPCARB.NS,Phillips Carbon Black Ltd.,NSE
PHOENIXLTD,PHOENIXLTD.NS,Phoenix Mills Ltd.,NSE
PIDILITIND,PIDILITIND.NS,Pidilite Industries Ltd.,NSE
PEL,PEL.NS,Piramal Enterprises Ltd.,NSE
PFC,PFC.NS,Power Finance Corporation Ltd.,NSE
POWERGRID,POWERGRID.NS,Power Grid Corporation of India Ltd.,NSE
PRAJIND,PRAJIND.NS,Praj Industries Ltd.,NSE
PRESTIGE,PRESTIGE.NS,Prestige Estates Projects Ltd.,NSE
PRSMJOHNSN,PRSMJOHNSN.NS,Prism Johnson Ltd.,NSE
PGHL,PGHL.NS,Procter & Gamble Health Ltd.,NSE
PGHH,PGHH.NS,Procter & Gamble Hygiene & Health Care Ltd.,NSE
PNB,PNB.NS,Punjab National Bank,NSE
QUESS,QUESS.NS,Quess Corp Ltd.,NSE
RBLBANK,RBLBANK.NS,RBL Bank Ltd.,NSE
RECLTD,RECLTD.NS,REC Ltd.,NSE
RITES,RITES.NS,RITES Ltd.,NSE
RADICO,RADICO.NS,Radico Khaitan Ltd,NSE
RAIN,RAIN.NS,Rain Industries Ltd,NSE
RAJESHEXPO,RAJESHEXPO.NS,Rajesh Exports Ltd.,NSE
RALLIS,RALLIS.NS,Rallis India Ltd.,NSE
RKFORGE,RKFORGE.NS,Ramkrishna Forgings Ltd.,NSE
RCF,RCF.NS,Rashtriya Chemicals & Fertilizers Ltd.,NSE
RAYMOND,RAYMOND.NS,Raymond Ltd.,NSE
REDINGTON,REDINGTON.NS,Redington (India) Ltd.,NSE
RELAXO,RELAXO.NS,Relaxo Footwears Ltd.,NSE
RELCAPITAL,RELCAPITAL.NS,Reliance Capital Ltd.,NSE
RCOM,RCOM.NS,Reliance Communications Ltd.,NSE
RHFL,RHFL.NS,Reliance Home Finance Ltd.,NSE
RELIANCE,RELIANCE.NS,Reliance Industries Ltd.,NSE
RELINFRA,RELINFRA.NS,Reliance Infrastructure Ltd.,NSE
RNAM,RNAM.NS,Reliance Nippon Life Asset Management Ltd.,NSE
RPOWER,RPOWER.NS,Reliance Power Ltd.,NSE
REPCOHOME,REPCOHOME.NS,Repco Home Finance Ltd.,NSE
RUPA,RUPA.NS,Rupa & Company Ltd.,NSE
SHK,SHK.NS,S H Kelkar and Company Ltd.,NSE
SBILIFE,SBILIFE.NS,SBI Life Insurance Company Ltd.,NSE
SJVN,SJVN.NS,SJVN Ltd.,NSE
SKFINDIA,SKFINDIA.NS,SKF India Ltd.,NSE
SREINFRA,SREINFRA.NS,SREI Infrastructure Finance Ltd.,NSE
SRF,SRF.NS,SRF Ltd.,NSE
SADBHAV,SADBHAV.NS,Sadbhav Engineering Ltd.,NSE
SANOFI,SANOFI.NS,Sanofi India Ltd.,NSE
SCHAEFFLER,SCHAEFFLER.NS,Schaeffler India Ltd.,NSE
SIS,SIS.NS,Security and Intelligence Services (India) Ltd.,NSE
SHANKARA,SHANKARA.NS,Shankara Building Products Ltd.,NSE
SHARDACROP,SHARDACROP.NS,Sharda Cropchem Ltd.,NSE
SFL,SFL.NS,Sheela Foam Ltd.,NSE
SHILPAMED,SHILPAMED.NS,Shilpa Medicare Ltd.,NSE
SCI,SCI.NS,Shipping Corporation of India Ltd.,NSE
SHOPERSTOP,SHOPERSTOP.NS,Shoppers Stop Ltd.,NSE
SHREECEM,SHREECEM.NS,Shree Cement Ltd.,NSE
RENUKA,RENUKA.NS,Shree Renuka Sugars Ltd.,NSE
SHRIRAMCIT,SHRIRAMCIT.NS,Shriram City Union Finance Ltd.,NSE
SRTRANSFIN,SRTRANSFIN.NS,Shriram Transport Finance Co. Ltd.,NSE
SIEMENS,SIEMENS.NS,Siemens Ltd.,NSE
SPTL,SPTL.NS,Sintex Plastics Technology Ltd.,NSE
SOBHA,SOBHA.NS,Sobha Ltd.,NSE
SOLARINDS,SOLARINDS.NS,Solar Industries India Ltd.,NSE
SONATSOFTW,SONATSOFTW.NS,Sonata Software Ltd.,NSE
SOUTHBANK,SOUTHBANK.NS,South Indian Bank Ltd.,NSE
STARCEMENT,STARCEMENT.NS,Star Cement Ltd.,NSE
SBIN,SBIN.NS,State Bank of India,NSE
SAIL,SAIL.NS,Steel Authority of India Ltd.,NSE
STRTECH,STRTECH.NS,Sterlite Technologies Ltd.,NSE
STAR,STAR.NS,Strides Pharma Science Ltd.,NSE
SUDARSCHEM,SUDARSCHEM.NS,Sudarshan Chemical Industries Ltd.,NSE
SPARC,SPARC.NS,Sun Pharma Advanced Research Company Ltd.,NSE
SUNPHARMA,SUNPHARMA.NS,Sun Pharmaceutical Industries Ltd.,NSE
SUNTV,SUNTV.NS,Sun TV Network Ltd.,NSE
SUNCLAYLTD,SUNCLAYLTD.NS,Sundaram Clayton Ltd.,NSE
SUNDARMFIN,SUNDARMFIN.NS,Sundaram Finance Ltd.,NSE
SUNDRMFAST,SUNDRMFAST.NS,Sundram Fasteners Ltd.,NSE
SUNTECK,SUNTECK.NS,Sunteck Realty Ltd.,NSE
SUPRAJIT,SUPRAJIT.NS,Suprajit Engineering Ltd.,NSE
SUPREMEIND,SUPREMEIND.NS,Supreme Industries Ltd.,NSE
SUVEN,SUVEN.NS,Suven Life Sciences Ltd.,NSE
SUZLON,SUZLON.NS,Suzlon Energy Ltd.,NSE
SWANENERGY,SWANENERGY.NS,Swan Energy Ltd.,NSE
SYMPHONY,SYMPHONY.NS,Symphony Ltd.,NSE
SYNDIBANK,SYNDIBANK.NS,Syndicate Bank,NSE
SYNGENE,SYNGENE.NS,Syngene International Ltd.,NSE
TCNSBRANDS,TCNSBRANDS.NS,TCNS Clothing Co. Ltd.,NSE
TTKPRESTIG,TTKPRESTIG.NS,TTK Prestige Ltd.,NSE
TVTODAY,TVTODAY.NS,TV Today Network Ltd.,NSE
TV18BRDCST,TV18BRDCST.NS,TV18 Broadcast Ltd.,NSE
TVSMOTOR,TVSMOTOR.NS,TVS Motor Company Ltd.,NSE
TAKE,TAKE.NS,Take Solutions Ltd.,NSE
TNPL,TNPL.NS,Tamil Nadu Newsprint & Papers Ltd.,NSE
TATACHEM,TATACHEM.NS,Tata Chemicals Ltd.,NSE
TATACOFFEE,TATACOFFEE.NS,Tata Coffee Ltd.,NSE
TCS,TCS.NS,Tata Consultancy Services Ltd.,NSE
TATAELXSI,TATAELXSI.NS,Tata Elxsi Ltd.,NSE
TATAGLOBAL,TATAGLOBAL.NS,Tata Global Beverages Ltd.,NSE
TATAINVEST,TATAINVEST.NS,Tata Investment Corporation Ltd.,NSE
TATAMTRDVR,TATAMTRDVR.NS,Tata Motors Ltd DVR,NSE
TATAMOTORS,TATAMOTORS.NS,Tata Motors Ltd.,NSE
TATAPOWER,TATAPOWER.NS,Tata Power Co. Ltd.,NSE
TATASTEEL,TATASTEEL.NS,Tata Steel Ltd.,NSE
TEAMLEASE,TEAMLEASE.NS,Teamlease Services Ltd.,NSE
TECHM,TECHM.NS,Tech Mahindra Ltd.,NSE
NIACL,NIACL.NS,The New India Assurance Company Ltd.,NSE
RAMCOCEM,RAMCOCEM.NS,The Ramco Cements Ltd.,NSE
THERMAX,THERMAX.NS,Thermax Ltd.,NSE
THOMASCOOK,THOMASCOOK.NS,Thomas Cook (India) Ltd.,NSE
THYROCARE,THYROCARE.NS,Thyrocare Technologies Ltd.,NSE
TIMETECHNO,TIMETECHNO.NS,Time Technoplast Ltd.,NSE
TIMKEN,TIMKEN.NS,Timken India Ltd.,NSE
TITAN,TITAN.NS,Titan Company Ltd.,NSE
TORNTPHARM,TORNTPHARM.NS,Torrent Pharmaceuticals Ltd.,NSE
TORNTPOWER,TORNTPOWER.NS,Torrent Power Ltd.,NSE
TRENT,TRENT.NS,Trent Ltd.,NSE
TRIDENT,TRIDENT.NS,Trident Ltd.,NSE
TRITURBINE,TRITURBINE.NS,Triveni Turbine Ltd.,NSE
TIINDIA,TIINDIA.NS,Tube Investments of India Ltd.,NSE
UCOBANK,UCOBANK.NS,UCO Bank,NSE
UFLEX,UFLEX.NS,UFLEX Ltd.,NSE
UPL,UPL.NS,UPL Ltd.,NSE
UJJIVAN,UJJIVAN.NS,Ujjivan Financial Services Ltd.,NSE
ULTRACEMCO,ULTRACEMCO.NS,UltraTech Cement Ltd.,NSE
UNIONBANK,UNIONBANK.NS,Union Bank of India,NSE
UBL,UBL.NS,United Breweries Ltd.,NSE
MCDOWELL-N,MCDOWELL-N.NS,United Spirits Ltd.,NSE
VGUARD,VGUARD.NS,V-Guard Industries Ltd.,NSE
VMART,VMART.NS,V-Mart Retail Ltd.,NSE
VIPIND,VIPIND.NS,V.I.P. Industries Ltd.,NSE
VRLLOG,VRLLOG.NS,VRL Logistics Ltd.,NSE
VSTIND,VSTIND.NS,VST Industries Ltd.,NSE
WABAG,WABAG.NS,Va Tech Wabag Ltd.,NSE
VAKRANGEE,VAKRANGEE.NS,Vakrangee Ltd.,NSE
VTL,VTL.NS,Vardhman Textiles Ltd.,NSE
VARROC,VARROC.NS,Varroc Engineering Ltd.,NSE
VBL,VBL.NS,Varun Beverages Ltd.,NSE
VEDL,VEDL.NS,Vedanta Ltd.,NSE
VENKEYS,VENKEYS.NS,Venky's (India) Ltd.,NSE
VINATIORGA,VINATIORGA.NS,Vinati Organics Ltd.,NSE
IDEA,IDEA.NS,Vodafone Idea Ltd.,NSE
VOLTAS,VOLTAS.NS,Voltas Ltd.,NSE
WABCOINDIA,WABCOINDIA.NS,WABCO India Ltd.,NSE
WELCORP,WELCORP.NS,Welspun Corp Ltd.,NSE
WELSPUNIND,WELSPUNIND.NS,Welspun India Ltd.,NSE
WHIRLPOOL,WHIRLPOOL.NS,Whirlpool of India Ltd.,NSE
WIPRO,WIPRO.NS,Wipro Ltd.,NSE
WOCKPHARMA,WOCKPHARMA.NS,Wockhardt Ltd.,NSE
YESBANK,YESBANK.NS,Yes Bank Ltd.,NSE
ZEEL,ZEEL.NS,Zee Entertainment Enterprises Ltd.,NSE
ZENSARTECH,ZENSARTECH.NS,Zensar Technolgies Ltd.,NSE
ZYDUSWELL,ZYDUSWELL.NS,Zydus Wellness Ltd.,NSE
ECLERX,ECLERX.NS,eClerx Services Ltd.,NSE
